[
  {
    "tag_name": "entity",
    "ids_to_tags": {
      "1": "B-area",
      "2": "I-area",
      "3": "L-area",
      "4": "U-area",
      "5": "B-day",
      "6": "I-day",
      "7": "L-day",
      "8": "U-day",
      "9": "B-department",
      "10": "I-department",
      "11": "L-department",
      "12": "U-department",
      "13": "B-departure",
      "14": "I-departure",
      "15": "L-departure",
      "16": "U-departure",
      "17": "B-destination",
      "18": "I-destination",
      "19": "L-destination",
      "20": "U-destination",
      "21": "B-food",
      "22": "I-food",
      "23": "L-food",
      "24": "U-food",
      "25": "B-hotel_type",
      "26": "I-hotel_type",
      "27": "L-hotel_type",
      "28": "U-hotel_type",
      "29": "B-leaveat",
      "30": "I-leaveat",
      "31": "L-leaveat",
      "32": "U-leaveat",
      "33": "B-name",
      "34": "I-name",
      "35": "L-name",
      "36": "U-name",
      "37": "B-order_id",
      "38": "I-order_id",
      "39": "L-order_id",
      "40": "U-order_id",
      "41": "B-people",
      "42": "I-people",
      "43": "L-people",
      "44": "U-people",
      "45": "B-pricerange",
      "46": "I-pricerange",
      "47": "L-pricerange",
      "48": "U-pricerange",
      "49": "B-product",
      "50": "I-product",
      "51": "L-product",
      "52": "U-product",
      "53": "B-time",
      "54": "I-time",
      "55": "L-time",
      "56": "U-time",
      "57": "B-type",
      "58": "I-type",
      "59": "L-type",
      "60": "U-type",
      "0": "O"
    },
    "tags_to_ids": {
      "B-area": 1,
      "I-area": 2,
      "L-area": 3,
      "U-area": 4,
      "B-day": 5,
      "I-day": 6,
      "L-day": 7,
      "U-day": 8,
      "B-department": 9,
      "I-department": 10,
      "L-department": 11,
      "U-department": 12,
      "B-departure": 13,
      "I-departure": 14,
      "L-departure": 15,
      "U-departure": 16,
      "B-destination": 17,
      "I-destination": 18,
      "L-destination": 19,
      "U-destination": 20,
      "B-food": 21,
      "I-food": 22,
      "L-food": 23,
      "U-food": 24,
      "B-hotel_type": 25,
      "I-hotel_type": 26,
      "L-hotel_type": 27,
      "U-hotel_type": 28,
      "B-leaveat": 29,
      "I-leaveat": 30,
      "L-leaveat": 31,
      "U-leaveat": 32,
      "B-name": 33,
      "I-name": 34,
      "L-name": 35,
      "U-name": 36,
      "B-order_id": 37,
      "I-order_id": 38,
      "L-order_id": 39,
      "U-order_id": 40,
      "B-people": 41,
      "I-people": 42,
      "L-people": 43,
      "U-people": 44,
      "B-pricerange": 45,
      "I-pricerange": 46,
      "L-pricerange": 47,
      "U-pricerange": 48,
      "B-product": 49,
      "I-product": 50,
      "L-product": 51,
      "U-product": 52,
      "B-time": 53,
      "I-time": 54,
      "L-time": 55,
      "U-time": 56,
      "B-type": 57,
      "I-type": 58,
      "L-type": 59,
      "U-type": 60,
      "O": 0
    },
    "num_tags": 61
  }
]