{
  "0": "affirm",
  "1": "attraction_find_attraction",
  "2": "bot_challenge",
  "3": "bus_find_bus",
  "4": "deny",
  "5": "fallback",
  "6": "general_question",
  "7": "goodbye",
  "8": "greet",
  "9": "hospital_find_hospital",
  "10": "hotel_book_hotel",
  "11": "hotel_find_hotel",
  "12": "order_status",
  "13": "police_police",
  "14": "product_inquiry",
  "15": "restaurant_book_restaurant",
  "16": "restaurant_find_restaurant",
  "17": "returns_policy",
  "18": "speak_to_human",
  "19": "taxi_book_taxi",
  "20": "technical_issue",
  "21": "train_book_train",
  "22": "train_find_train"
}